INSERT INTO Genere VALUES ('AZ', 'Azione'), ('ANZ', 'Animazione'), ('AVV', 'Avventura'), ('B', 'Biografico'), ('CMD', 'Commedia'), 
			  ('CMC', 'Comico'), ('DR', 'Dramma'), ('DOC', 'Documentario'), ('FNZ', 'Fantascienza'), ('FNS', 'Fantasy'), 
			  ('G', 'Guerra'), ('H', 'Horror'), ('M', 'Musical'), ('N', 'Noir'), ('P', 'Poliziesco'), ('S', 'Storico'), 
			  ('T', 'Thriller'), ('W', 'Western');

INSERT INTO Tipo VALUES ('C', 'Cortometraggio'), ('L', 'Lungometraggio');

INSERT INTO Categoria VALUES ('S', '10 o piu riconoscimenti vinti'), ('A', 'Tra 7 e 9 riconoscimenti vinti'), 
			     ('B', 'Tra 4 e 6 riconoscimenti vinti'), ('C', 'Tra 1 e 3 riconoscimenti vinti'), 
			     ('D', 'Nessun riconoscimento vinto');

INSERT INTO Agenzia VALUES ('Management International Inc', 'Miami', '7200 Corporate Center', '6321558789'), 
			   ('American National Council', 'Denver', '1223 SW 4TH Street', '1327894371'),
			   ('Neighborhood Housing Services', 'Orlando', '300 NW 12TH Ave', '7548312981'),
			   ('The Housing Network', 'Boston', '1 Washington Mall, 12TH Floor', '8895567432'),
			   ('Trinity Empowerment Consortium', 'San Francisco', '181 NE 82ND Street', '2234531198'),
			   ('Incharge Debt Solutions', 'New York City', '5750 Major BLVD', '3346578981'),
			   ('Operation Hope', 'Oakland', '5025 W Colonial Drive', '4432219677'),
			   ('Community Legal Services', 'Seattle', 'Suite 500 618 E South Street', '2445456672'),
			   ('Eden Council', 'Portland', '1305 Franklin Street STE 305', '8966787239'),
			   ('Agora Community Services', 'Chicago', '1831 E 79TH Street', '7989946473'),
			   ('Smart Money Housing', 'Boston', '3510 W Franklin BLVD', '2431127278'),
			   ('Triangle Counseling Agency', 'Burbank', '2815 Wendy Summit', '7789546632');


INSERT INTO Studio_Cinematografico VALUES ('Universal Pictures', 'Los Angeles', '881 Kimberly Spring', 0.16),
					  ('Paramount Pictures', 'Los Angeles', '569 Alicia Pass', 0.10),
					  ('Warner Bros Inc', 'Burbank', '687 Huff Lane', 0.12),
					  ('Walt Disney Pictures', 'Sacramento', '5672 Cobb Lane', 0.18),
					  ('Columbia Pictures', 'Culver City', '611 Buckley Burg Suite 896', 0.11),
					  ('Metro-Goldwin-Mayer', 'Los Angeles', '1897 Sanchez Stream Apt. 253', 0.05),
					  ('20th Century Studios', 'San Francisco', '0184 Karen Key Suite 330', 0.09),
					  ('RKO Pictures', 'New York City', '3365 Johnson Ranch Suite 259', 0.03),
					  ('Silvercup Studios', 'New York City', '4519 Alan Tunnel', 0.04),
					  ('Lucasfilm', 'San Francisco', '7674 Joseph Flat Apt. 352', 0.02),
					  ('Miramax', 'Santa Monica', '27026 Ray Neck Apt. 313', 0.03),
					  ('Legendary Pictures', 'Burbank', '260 Gillespie Club', 0.06),
					  ('Hanna-Barbera Inc', 'Culver City', '5685 Alexander Ramp Suite 063', 0.01);


INSERT INTO Artista(nome, cognome, data_nascita, agenzia) VALUES ('Sergio', 'Leone', '1929-01-03', 'Operation Hope'),
			   					 ('Quentin', 'Tarantino', '1963-03-27', 'American National Council'),
			   					 ('John', 'Krasinski', '1979-10-20', 'Operation Hope'),
			   					 ('Cristopher', 'Nolan', '1970-07-30', 'Trinity Empowerment Consortium'),
			   					 ('Yorgos', 'Lanthimos', '1973-05-27', 'Incharge Debt Solutions'),
			   					 ('Edgar', 'Wright', '1974-04-18', 'Community Legal Services'),
		   	   					 ('David', 'Lynch', '1946-01-20', 'Management International Inc'),
			   					 ('Guy', 'Ritchie', '1968-09-10', 'Triangle Counseling Agency'),
			   					 ('Nicolas', 'Winding Refn', '1970-09-29', 'American National Council'),
			   					 ('Dario', 'Argento', '1940-09-07', 'Agora Community Services'),
			   					 ('Zachary', 'Snyder', '1966-03-01', 'Management International Inc'),
			   					 ('Joel', 'Coen', '1963-08-23', 'Neighborhood Housing Services'),
			   					 ('Ethan', 'Coen', '1957-09-21', 'Neighborhood Housing Services'),
			   					 ('Shelton', 'Lee', '1957-03-20', 'The Housing Network'),
			   					 ('Damien', 'Chazelle', '1985-01-19', 'Eden Council'),
			   					 ('Clinton', 'Eastwood', '1930-05-31', 'American National Council'),
			   					 ('Denis', 'Villeneuve', '1967-10-03', 'Agora Community Services'),
			   					 ('George', 'Lucas', '1944-05-14', 'Community Legal Services'),
			   					 ('Todd', 'Phillips', '1970-12-20', 'Management International Inc'),
			   					 ('Martin', 'Scorsese', '1942-11-17', 'Operation Hope'),
			   					 ('Ari', 'Aster', '1986-07-15', 'Neighborhood Housing Services'),
			   					 ('David', 'Fincher', '1962-08-28', 'The Housing Network'),
			   					 ('Steven', 'Spielberg', '1946-12-18', 'Agora Community Services'),
			   					 ('Stanley', 'Kubrick', '1928-07-26', 'Community Legal Services'),
		           					 ('Felix', 'Van Groeningen', '1969-03-02', 'Incharge Debt Solutions'),
			   					 ('Buster', 'Keaton', '1902-01-06', 'Eden Council'),
			   					 ('Joshua', 'Weigel', '1987-10-01', 'Agora Community Services'),
			   					 ('Tim', 'Burton', '1958-08-25', 'Triangle Counseling Agency'),
			   					 ('Kenneth', 'Lonergan', '1962-10-16', 'Agora Community Services'),
			   					 ('Brian', 'De Palma', '1940-09-11', 'Management International Inc'),
			   					 ('Adam', 'McKay', '1968-04-17', 'Operation Hope'),
			  					 ('Ryan', 'Gosling', '1980-11-12', 'Trinity Empowerment Consortium'),
			  					 ('Emma', 'Stone', '1988-11-06', 'Neighborhood Housing Services'),
			  					 ('Ana', 'De Armas', '1988-04-30', 'Incharge Debt Solutions'),
			  					 ('Simon', 'Pegg', '1970-02-14', 'Smart Money Housing'),
			  					 ('Nick', 'Frost', '1972-03-28', 'Management International Inc'),
			  					 ('Bryan', 'Cranston', '1956-03-07', 'Community Legal Services'),
			  					 ('Casey', 'Affleck', '1975-08-12', 'American National Council'),
			  					 ('Benjamin', 'Affleck', '1972-08-15', 'Trinity Empowerment Consortium'),
			 					 ('Bradley', 'Cooper', '1975-01-05', 'Operation Hope'),
			  					 ('Stefania', 'Casini', '1948-09-04', 'Incharge Debt Solutions'),
			  					 ('Matthew', 'McCounaughey', '1969-11-04', 'Eden Council'),
			  					 ('Anne', 'Hathaway', '1982-11-12', 'American National Council'),
			  					 ('Michael', 'Caine', '1933-03-04', 'Eden Council'),
			  					 ('Christian', 'Bale', '1974-01-30', 'Eden Council'),
			  					 ('John David', 'Washington', '1984-07-28', 'American National Council'),
			 					 ('Zendaya', 'Coleman', '1996-09-01', 'Neighborhood Housing Services'),
			  					 ('Denzel', 'Washington', '1954-12-28', 'Agora Community Services'),
			  					 ('Emily', 'Blunt', '1983-02-23', 'Operation Hope'),
			  					 ('Gal', 'Gadot', '1985-04-30', 'Eden Council'),
			  					 ('Henry', 'Cavill', '1983-05-05', 'American National Council'),
			  					 ('Bruce', 'Willis', '1955-03-19', 'Smart Money Housing'),
			  					 ('Samuel', 'Jackson', '1948-12-21', 'Incharge Debt Solutions'),
			  					 ('Harrison', 'Ford', '1942-07-13', 'Community Legal Services'),
			  					 ('Uma', 'Thurman', '1970-04-29', 'Management International Inc'),
			 					 ('Bradley', 'Pitt', '1963-12-18', 'American National Council'),
			  					 ('Leonardo','DiCaprio', '1974-11-11', 'Eden Council'),
			  					 ('Oscar', 'Isaac', '1979-03-09', 'The Housing Network'),
			  					 ('Joaquin', 'Phoenix', '1974-10-28', 'Operation Hope'),
			  					 ('Margot', 'Robbie', '1990-07-02', 'Neighborhood Housing Services'),
			  					 ('Robert', 'De Niro', '1943-08-17', 'Agora Community Services'),
			  					 ('Joseph', 'Pesci', '1943-02-09', 'Trinity Empowerment Consortium'),
			  					 ('Raymond', 'Liotta', '1954-12-18', 'Eden Council'),
			  					 ('Alfredo James', 'Pacino', '1940-04-25', 'Management International Inc'),
			  					 ('Jonah', 'Hill', '1983-12-20', 'Community Legal Services'),
			  					 ('Miles', 'Teller', '1987-02-20', 'Eden Council'),
			  					 ('Florence', 'Pugh', '1996-01-03', 'Operation Hope'),
			  					 ('Morgan', 'Freeman', '1937-06-01', 'Incharge Debt Solutions'),
			 					 ('Timothee Hal', 'Chalamet', '1995-12-27', 'Management International Inc'),
			  					 ('Steve', 'Carell', '1962-08-12', 'Agora Community Services'),
			  					 ('Jesse Adam', 'Heisenberg', '1983-10-05', 'The Housing Network'),
			  					 ('Tom', 'Hanks', '1965-07-09', 'Management International Inc'),
			  					 ('Matthew', 'Damon', '1970-10-08', 'Trinity Empowerment Consortium'),
			 					 ('Jared', 'Leto', '1971-12-26', 'Community Legal Services'),
			  					 ('Jamie', 'Foxx', '1967-12-13', 'Smart Money Housing'),
			  					 ('Christoph', 'Waltz', '1956-10-04', 'Eden Council'),
			  					 ('Andrew', 'Garfield', '1983-08-20', 'The Housing Network'),
			  					 ('Riz', 'Ahmed', '1982-12-01', 'Operation Hope'),
			  					 ('Javier', 'Bardem', '1969-03-01', 'Trinity Empowerment Consortium'),
			 					 ('Adam', 'Baldwin', '1962-02-27', 'Smart Money Housing'),
			  					 ('Johnny', 'Depp', '1963-06-09', 'Community Legal Services'),
			  					 ('Laura', 'Harring', '1964-03-03', 'Smart Money Housing'),
			  					 ('Jeffrey', 'Bridges', '1949-12-04', 'Management International Inc');





INSERT INTO Regista VALUES (1, 8), (2, 9), (3, 2), (4, 7), (5, 4), (6, 6), (7, 9), (8, 5), (9, 3), (10, 7), (11, 5),
			   (12, 6), (13, 7), (14, 6), (15, 4), (16, 10), (17, 4), (18, 8), (19, 3), (20, 11), (21, 3),
			   (22, 7), (23, 8), (24, 9), (25, 1), (26, 7), (27, 1), (28, 6), (29, 2), (30, 8), (31, 4);

INSERT INTO Attore VALUES (3, 2001, 'C'), (2, 1992, 'S'), (16, 1952, 'S'), (26, 1921, 'C'), (32, 2004, 'S'), (33, 2003, 'A'), (34, 2010, 'B'),
			  (35, 2002, 'C'), (36, 2002, 'B'), (37, 1996, 'S'), (38, 2005, 'A'), (39, 2000, 'B'), (40, 2006, 'A'), (41, 1969, 'D'), 
			  (42, 1998, 'A'), (43, 2004, 'B'), (44, 1987, 'C'), (45, 2008, 'S'), (46, 2010, 'B'), (47, 2019, 'D'), (48, 1980, 'B'), 
			  (49, 2004, 'A'), (50, 2007, 'C'), (51, 2007, 'D'), (52, 1973, 'B'), (53, 1988, 'S'), (54, 1982, 'A'), (55, 1996, 'S'), 
			  (56, 1992, 'B'), (57, 1994, 'A'), (58, 2003, 'C'), (59, 1999, 'A'), (60, 2013, 'B'), (61, 1971, 'S'), (62, 1972, 'A'), 
			  (63, 1990, 'B'), (64, 1984, 'A'), (65, 2009, 'B'), (66, 2001, 'C'), (67, 2015, 'C'), (68, 1978, 'A'), (69, 2014, 'C'),
			  (70, 1998, 'B'), (71, 2007, 'C'), (72, 1994, 'A'), (73, 1992, 'B'), (74, 1997, 'C'), (75, 1991, 'B'), (76, 1988, 'C'), 
			  (77, 2002, 'B'), (78, 2004, 'C'), (79, 1987, 'B'), (80, 1990, 'D'), (81, 1986, 'B'), (82, 2001, 'C'), (83, 1982, 'B');


INSERT INTO Film VALUES ('Interstellar', '2014-11-06', 169, 2508300, 'Universal Pictures', 4, 'L', '2D'),
			('Pulp Fiction', '1994-10-14', 154, 2950000, 'Miramax', 2, 'L', '2D'),
			('Drive', '2011-10-05', 100, 1787000, 'RKO Pictures', 9, 'L', '2D'),
			('Sunspring', '2017-08-08', 14, 529000, 'Legendary Pictures', 19, 'C', '2D'),
			('Jaws', '2017-12-13', 112, 1560700, 'Columbia Pictures', 21, 'L', '3D'),
			('Hot Fuzz', '2007-02-14', 121, 1443290, 'Silvercup Studios', 6, 'L', '2D'),
			('No Country For Old Men', '2007-11-08', 122, 1805000, 'Paramount Pictures', 13, 'L', '2D'),
			('True Grit', '2010-03-30', 130, 922440, '20th Century Studios', 12, 'L', '2D'),
			('Rango', '2011-03-02', 28, 646000, 'Hanna-Barbera Inc', 5, 'C', '3D'),
			('La La Land', '2016-07-14', 132, 1500600, 'Metro-Goldwin-Mayer', 15, 'L', '2D'),
			('The Mule', '2019-01-23', 116, 2893000, 'Warner Bros Inc', 16, 'L', '2D'),
			('War Dogs', '2016-08-17', 114, 3789400, 'Paramount Pictures', 14, 'L', '2D'),
			('Seven', '1995-09-22', 127, 2899000, 'Miramax', 22, 'L', '2D'),
			('American Psycho', '2000-04-13', 102, 1796320, 'Silvercup Studios', 11, 'L', '2D'),
			('American Gangster', '2008-01-25', 157, 1266000, 'Columbia Pictures', 21, 'L', '2D'),
			('Midsommar', '2019-07-25', 27, 446070, 'Universal Pictures', 21, 'C', '2D'),
			('A Quiet Place', '2018-09-12', 123, 2293000, 'RKO Pictures', 3, 'L', '2D'),
			('Django Unchained', '2012-12-25', 165, 3400000, 'Miramax', 2, 'L', '2D'),
			('Coco', '2015-12-09', 78, 2000000, 'Walt Disney Pictures', 8, 'L', '2D'),
			('Saving Private Ryan', '1998-09-30', 169, 1850000, 'Silvercup Studios', 23, 'L', '2D'),
			('Star Wars: A New Hope', '1977-05-25', 121, 600000, 'Lucasfilm', 18, 'L', '2D'),
			('Star Wars: Empire Strikes Back', '1980-05-21', 124, 775000, 'Lucasfilm', 18, 'L', '2D'),
			('Star Wars: Return Of The Jedi', '1983-05-25', 135, 1550000, 'Lucasfilm', 18, 'L', '2D'),
			('The Social Network', '2010-10-13', 121, 2000000, '20th Century Studios', 22, 'L', '2D'),
			('Tenet', '2020-08-26', 150, 4800000, 'Columbia Pictures', 4, 'L', '2D'),
			('Suspiria', '1978-06-22', 120, 267000, 'Legendary Pictures', 10, 'L', '2D'),
			('The Good, The Bad and The Ugly', '1966-04-11', 125, 132000, 'Paramount Pictures', 1, 'L', '2D'),
			('Mulholland Drive', '2001-01-01', 134, 1321000, 'RKO Pictures', 7, 'L', '2D'),
			('Full Metal Jacket', '1978-02-03', 128, 2210000, 'Legendary Pictures', 24, 'L', '2D'),
			('Dunkirk', '2017-05-13', 105, 1990000, 'RKO Pictures', 4, 'L', '2D'),
			('Sound Of Metal', '2020-11-10', 127, 1878300, 'Silvercup Studios', 8, 'L', '2D'),
			('The Departed', '2006-06-01', 131, 1100000, 'Universal Pictures', 20, 'L', '2D'),
			('Blade Runner 2049', '2016-08-12', 146, 5200000, 'Miramax', 17, 'L', '2D'),
			('Batman vs Superman', '2016-01-18', 151, 4330000, 'Walt Disney Pictures', 11, 'L', '2D'),
			('Beautiful Boy', '2018-02-04', 129, 989000, 'Columbia Pictures', 25, 'L', '2D'),
			('The Butterfly Circus', '2009-11-19', 20, 20000, 'Metro-Goldwin-Mayer', 27, 'C', '3D'),
			('One Week', '1923-01-20', 24, 8000, 'Warner Bros Inc', 26, 'C', '2D'),
			('Alice in Wonderland', '2010-03-27', 118, 1678200, 'Paramount Pictures', 28, 'L', '3D'),
			('Dune', '2021-08-30', 133, 2700000, '20th Century Studios', 17, 'L', '2D'),
			('GoodFellas', '1990-12-25', 140, 2800000, 'Legendary Pictures', 20, 'L', '2D'),
			('Manchester By The Sea', '2016-01-23', 137, 1580000, 'Miramax', 29, 'L', '2D'),
			('Joker', '2019-08-31', 122, 2400000, 'Warner Bros Inc', 19, 'L', '2D'),
			('Scarface', '1983-12-15', 170, 2900000, 'Columbia Pictures', 30, 'L', '2D'),
			('The Big Short', '2015-11-17', 130, 4000000, '20th Century Studios', 31, 'L', '2D');




INSERT INTO Azienda VALUES ('Coca Cola', 1902, 25200000000),
			   ('Pepsi', 1919, 14890000000),
			   ('Nike', 1937, 23790000000),
			   ('Adidas', 1936, 20985000000),
			   ('Puma', 1948, 10870000000),
			   ('Oreo', 1929, 3000000000),
			   ('Toyota', 1946, 19400000000),
			   ('Ford', 1928, 17800000000),
			   ('Starbucks', 1968, 800000000),
			   ('Timberland', 1907, 1000000000),
			   ('Lacoste', 1952, 13000000000);

INSERT INTO Cinema VALUES ('Dream Cinema', 'Vegaburgh', '334 Stewart Estates', 4, 7.50),
			  ('CineOcean', 'Pittsview', '75056 Bernard Glen', 6, 5.00),
			  ('CineMotion', 'East Paula', '50884 Bird Junctions', 3, 4.50),
		 	  ('Chicago Film Theater', 'Chicago', '531 Amy Passage', 14, 7.50),
			  ('Boston Film Theater', 'Boston', '287 Glen Fort', 8, 10.00),
			  ('CineWorld', 'Turnerland', '397 Ann Loaf', 6, 6.00),
			  ('Astra Cinema', 'West Davidshire', '2026 Ann Glen', 5, 5.50),
			  ('StarPlex', 'Mariaburgh', '223 Patton Circles', 9, 8.50),
			  ('Curtain Call', 'Garybury', '3950 Wyatt Gateway', 10, 7.00),
			  ('Opera Palace', 'Port Ianhaven', '6775 Douglas Freeway', 3, 10.00),
			  ('Capitol Theater', 'Armstrongton', '56621 Benjamin Cross', 8, 8.00),
			  ('Booth Theater', 'West Anthony', '8484 Christopher Bridge', 2, 4.50),
			  ('Astor Theater', 'Collinschester', '180 Woods Island', 4, 4.50),
			  ('ArtCraft Theater', 'Stokesmouth', '350 Scott Fort', 14, 12.00),
			  ('Royal Theater', 'Kelseychester', '8212 Brenda Meadow', 11, 9.00),
			  ('Vista Theater', 'West Chasetown', '629 Darren Turnpike', 7, 6.50),
			  ('Los Angeles Theater', 'Los Angeles', '372 Hall Skyway', 15, 10.00);



INSERT INTO Distribuzione VALUES ('Lucasfilm', 'Dream Cinema'),
				 ('20th Century Studios', 'Dream Cinema'),
				 ('Paramount Pictures', 'Dream Cinema'),
				 ('Walt Disney Pictures', 'CineOcean'),
				 ('Hanna-Barbera Inc', 'CineOcean'),
				 ('Universal Pictures', 'CineMotion'),
				 ('Miramax', 'CineMotion'),
				 ('Silvercup Studios', 'CineMotion'),
				 ('Metro-Goldwin-Mayer', 'CineMotion'),
				 ('20th Century Studios', 'Chicago Film Theater'),
				 ('Universal Pictures', 'Chicago Film Theater'),
				 ('Legendary Pictures', 'Chicago Film Theater'),
				 ('Miramax', 'Chicago Film Theater'),
				 ('Columbia Pictures', 'Chicago Film Theater'),
				 ('Warner Bros Inc', 'Chicago Film Theater'),
				 ('20th Century Studios', 'Boston Film Theater'),
				 ('Legendary Pictures', 'Boston Film Theater'),
				 ('Walt Disney Pictures', 'Boston Film Theater'),
				 ('Paramount Pictures', 'Boston Film Theater'),
				 ('Hanna-Barbera Inc', 'Boston Film Theater'),
				 ('Miramax', 'Boston Film Theater'),
				 ('Columbia Pictures', 'Boston Film Theater'),
				 ('Lucasfilm', 'CineWorld'),
				 ('Universal Pictures', 'CineWorld'),
				 ('Silvercup Studios', 'CineWorld'),
				 ('Warner Bros Inc', 'CineWorld'),
				 ('RKO Pictures', 'Astra Cinema'),
				 ('Warner Bros Inc', 'Astra Cinema'),
				 ('Lucasfilm', 'StarPlex'),
				 ('Miramax', 'StarPlex'),
				 ('Columbia Pictures', 'StarPlex'),
				 ('20th Century Studios', 'StarPlex'),
				 ('Universal Pictures', 'StarPlex'),
				 ('20th Century Studios', 'Curtain Call'),
				 ('RKO Pictures', 'Curtain Call'),
				 ('Universal Pictures', 'Opera Palace'),
				 ('Lucasfilm', 'Opera Palace'),
				 ('Silvercup Studios', 'Opera Palace'),
				 ('Legendary Pictures', 'Opera Palace'),
				 ('Columbia Pictures', 'Capitol Theater'),
				 ('Legendary Pictures', 'Capitol Theater'),
				 ('Metro-Goldwin-Mayer', 'Capitol Theater'),
				 ('RKO Pictures', 'Capitol Theater'),
				 ('Paramount Pictures', 'Capitol Theater'),
				 ('20th Century Studios', 'Capitol Theater'),
				 ('Warner Bros Inc', 'Capitol Theater'),
				 ('Universal Pictures', 'Capitol Theater'),
				 ('Paramount Pictures', 'Booth Theater'),
				 ('Lucasfilm', 'Booth Theater'),
				 ('Walt Disney Pictures', 'Astor Theater'),
				 ('Silvercup Studios', 'ArtCraft Theater'),
				 ('Walt Disney Pictures', 'ArtCraft Theater'),
				 ('Hanna-Barbera Inc', 'ArtCraft Theater'),
				 ('Paramount Pictures', 'Royal Theater'),
				 ('Metro-Goldwin-Mayer', 'Royal Theater'),
				 ('Miramax', 'Royal Theater'),
				 ('Walt Disney Pictures', 'Royal Theater'),
				 ('Columbia Pictures', 'Royal Theater'),
				 ('Legendary Pictures', 'Vista Theater'),
				 ('Universal Pictures', 'Vista Theater'),
				 ('Universal Pictures', 'Los Angeles Theater'),
				 ('Metro-Goldwin-Mayer', 'Los Angeles Theater'),
				 ('Paramount Pictures', 'Los Angeles Theater'),
				 ('Warner Bros Inc', 'Los Angeles Theater'),
				 ('Miramax', 'Los Angeles Theater'),
				 ('Walt Disney Pictures', 'Los Angeles Theater'),
				 ('Legendary Pictures', 'Los Angeles Theater'),
				 ('Columbia Pictures', 'Los Angeles Theater'),
				 ('20th Century Studios', 'Los Angeles Theater'),
				 ('RKO Pictures', 'Los Angeles Theater'),
				 ('Silvercup Studios', 'Los Angeles Theater');


INSERT INTO Generi_Film VALUES ('Pulp Fiction', 'AZ'),
			       ('Pulp Fiction', 'T'),
			       ('Hot Fuzz', 'P'),
			       ('Hot Fuzz', 'CMC'),
			       ('Drive', 'AZ'),
			       ('Drive', 'CMD'),
			       ('Blade Runner 2049', 'N'),
			       ('Blade Runner 2049', 'AZ'),
			       ('Blade Runner 2049', 'FNZ'),
			       ('La La Land', 'M'),
			       ('La La Land', 'CMD'),
			       ('Star Wars: Return Of The Jedi', 'FNZ'),
			       ('Star Wars: Empire Strikes Back', 'FNZ'),
			       ('Star Wars: A New Hope', 'FNZ'),
			       ('American Gangster', 'P'),
			       ('American Gangster', 'N'),
			       ('American Psycho', 'CMD'),
			       ('American Psycho', 'T'),
			       ('Interstellar', 'AVV'),
			       ('Interstellar', 'FNZ'),
			       ('Midsommar', 'H'),
			       ('Midsommar', 'DR'),
			       ('War Dogs', 'CMD'),
			       ('A Quiet Place', 'H'),
			       ('Django Unchained', 'S'),
			       ('Django Unchained', 'AZ'),
			       ('Saving Private Ryan', 'G'),
			       ('Saving Private Ryan', 'S'),
			       ('The Mule', 'S'),
			       ('The Mule', 'B'),
			       ('The Good, The Bad and The Ugly', 'W'),
			       ('Suspiria', 'H'),
			       ('Seven', 'N'),
			       ('Seven', 'P'),
			       ('Seven', 'DR'),
			       ('Manchester By The Sea', 'DR'),
			       ('Manchester By The Sea', 'B'),
			       ('Batman vs Superman', 'AZ'),
			       ('Batman vs Superman', 'FNZ'),
			       ('The Social Network', 'B'),
			       ('Dune', 'AZ'),
			       ('Dune', 'FNS'),
			       ('Beautiful Boy', 'B'),
			       ('Beautiful Boy', 'DR'),
			       ('GoodFellas', 'B'),
			       ('Tenet', 'AZ'),
			       ('Tenet', 'FNZ'),
			       ('The Departed', 'AZ'),
			       ('The Departed', 'B'),
			       ('Sound Of Metal', 'B'),
			       ('Sound Of Metal', 'DR'),
			       ('One Week', 'DOC'),
			       ('The Butterfly Circus', 'CMD'),
			       ('Alice in Wonderland', 'AVV'),
			       ('Alice in Wonderland', 'FNS'),
			       ('Dunkirk', 'G'),
			       ('Dunkirk', 'S'),
			       ('Full Metal Jacket', 'G'),
			       ('Full Metal Jacket', 'T'),
			       ('Mulholland Drive', 'T'),
			       ('Sunspring', 'FNZ'),
			       ('Jaws', 'H'),
			       ('Jaws', 'T'),
			       ('No Country For Old Men', 'T'),
			       ('No Country For Old Men', 'AZ'),
			       ('True Grit', 'W'),
			       ('True Grit', 'AVV'),
			       ('Rango', 'ANZ'),
			       ('Rango', 'AVV'),
			       ('Coco', 'ANZ'),
			       ('Joker', 'B'),
			       ('Joker', 'AZ'),
			       ('Scarface', 'B'),
			       ('Scarface', 'AZ'),
			       ('The Big Short', 'S');

INSERT INTO Recita VALUES ('Pulp Fiction', 53, 68000, 'CoProtagonista'),
			  ('Pulp Fiction', 52, 39000, 'CoProtagonista'),
			  ('Pulp Fiction', 2, 19000, 'Secondario'),
			  ('Pulp Fiction', 55, 59000, 'CoProtagonista'),
			  ('Hot Fuzz', 35, 48000, 'Protagonista'),
			  ('Hot Fuzz', 36, 32000, 'CoProtagonista'),
			  ('Drive', 32, 100000, 'Protagonista'),
			  ('Drive', 37, 34000, 'Secondario'),
			  ('Blade Runner 2049', 32, 250000, 'Protagonista'),
			  ('Blade Runner 2049', 54, 175000, 'Secondario'),
			  ('Blade Runner 2049', 34, 75000, 'Secondario'),
			  ('Blade Runner 2049', 74, 180000, 'Secondario'),
			  ('La La Land', 32, 475000, 'CoProtagonista'),
			  ('La La Land', 33, 475000, 'CoProtagonista'),
			  ('Star Wars: Return Of The Jedi', 54, 65000, 'Secondario'),
			  ('Star Wars: Empire Strikes Back', 54, 33000, 'Secondario'),
			  ('Star Wars: A New Hope', 54, 18000, 'Secondario'),
			  ('American Gangster', 48, 55000, 'CoProtagonista'),
			  ('American Psycho', 45, 75000, 'Protagonista'),
			  ('Interstellar', 42, 345000, 'Protagonista'),
			  ('Interstellar', 43, 115000, 'Secondario'),
			  ('Interstellar', 44, 85000, 'Secondario'),
			  ('Midsommar', 67, 295000, 'Protagonista'),
			  ('War Dogs', 65, 300000, 'CoProtagonista'),
			  ('War Dogs', 66, 350000, 'CoProtagonista'),
			  ('War Dogs', 40, 170000, 'Secondario'),
			  ('A Quiet Place', 3, 100000, 'CoProtagonista'),
			  ('A Quiet Place', 49, 100000, 'CoProtagonista'),
			  ('Django Unchained', 76, 340000, 'Secondario'),
			  ('Django Unchained', 75, 600000, 'Protagonista'),
			  ('Saving Private Ryan', 72, 200000, 'Protagonista'),
		   	  ('The Mule', 16, 56000, 'Protagonista'),
			  ('The Good, The Bad and The Ugly', 16, 24000, 'Protagonista'),
			  ('Suspiria', 41, 19000, 'CoProtagonista'),
			  ('Seven', 56, 236000, 'Protagonista'),
			  ('Seven', 68, 118000, 'Secondario'),
			  ('Manchester By The Sea', 38, 200000, 'Protagonista'),
			  ('Batman vs Superman', 39, 110000, 'CoProtagonista'),
			  ('Batman vs Superman', 50, 70000, 'Secondario'),
			  ('Batman vs Superman', 51, 100000, 'CoProtagonista'),
			  ('The Social Network', 71, 150000, 'Protagonista'),
			  ('The Social Network', 77, 65000, 'Secondario'),
			  ('Dune', 69, 120000, 'CoProtagonista'),
			  ('Dune', 47, 125000, 'CoProtagonista'),
			  ('Beautiful Boy', 69, 98000, 'CoProtagonista'),
			  ('Beautiful Boy', 70, 88000, 'CoProtagonista'),
			  ('GoodFellas', 63, 40000, 'Protagonista'),
			  ('GoodFellas', 62, 42000, 'Secondario'),
			  ('GoodFellas', 61, 45000, 'Secondario'),
			  ('Tenet', 46, 140000, 'Protagonista'),
			  ('The Departed', 73, 160000, 'CoProtagonista'),
			  ('The Departed', 57, 170000, 'CoProtagonista'),
			  ('Sound Of Metal', 78, 130000, 'Protagonista'),
			  ('One Week', 26, 2000, 'Comparsa'),
			  ('The Butterfly Circus', 43, 12000, 'Secondario'),
			  ('Alice in Wonderland', 81, 78000, 'Secondario'),
			  ('Alice in Wonderland', 43, 78000, 'Secondario'),
			  ('Dunkirk', 44, 32000, 'Comparsa'),
			  ('Full Metal Jacket', 80, 27600, 'Secondario'),
			  ('Mulholland Drive', 82, 43000, 'CoProtagonista'),
			  ('Sunspring', 75, 1000, 'Secondario'),
			  ('Jaws', 74, 5000, 'Comparsa'),
			  ('No Country For Old Men', 79, 80000, 'CoProtagonista'),
			  ('True Grit', 83, 39000, 'CoProtagonista'),
			  ('True Grit', 73, 26000, 'Comparsa'),
			  ('Rango', 58, 10000, 'Comparsa'),
			  ('Coco', 70, 12000, 'Secondario'),
			  ('Joker', 59, 300000, 'Protagonista'),
			  ('Scarface', 64, 97000, 'Protagonista'),
			  ('The Big Short', 60, 21000, 'Comparsa'),
			  ('The Big Short', 56, 42000, 'Secondario'),
			  ('The Big Short', 70, 60000, 'CoProtagonista'),
			  ('The Big Short', 32, 58000, 'CoProtagonista'),
			  ('The Big Short', 45, 63900, 'CoProtagonista');


INSERT INTO Contratto_Azienda VALUES ('GoodFellas', 'Pepsi', 85000),
				     ('GoodFellas', 'Ford', 67900), 
				     ('Dune', 'Timberland', 110000),
				     ('Alice in Wonderland', 'Oreo', 24000),
				     ('One Week', 'Oreo', 3000),
				     ('The Butterfly Circus', 'Nike', 45000),
				     ('The Butterfly Circus', 'Oreo', 19000),
				     ('Beautiful Boy', 'Coca Cola', 268500),
				     ('Batman vs Superman', 'Adidas', 340000),
				     ('Blade Runner 2049', 'Starbucks', 52000),
				     ('Blade Runner 2049', 'Pepsi', 150000),
				     ('The Departed', 'Nike', 220000),
				     ('Sound Of Metal', 'Adidas', 130000),
				     ('Dunkirk', 'Timberland', 99000),
				     ('Dunkirk', 'Lacoste', 76500),
				     ('Full Metal Jacket', 'Timberland', 84000),
				     ('Mulholland Drive', 'Oreo', 82000),
				     ('The Good, The Bad and The Ugly', 'Timberland', 12000),
				     ('Suspiria', 'Pepsi', 23000),
				     ('Tenet', 'Coca Cola', 250400),
				     ('Tenet', 'Adidas', 217000),
				     ('The Social Network', 'Pepsi', 99500),
				     ('The Social Network', 'Toyota', 100000),
				     ('Star Wars: Return Of The Jedi', 'Lacoste', 24000),
				     ('Star Wars: Empire Strikes Back', 'Lacoste', 23800),
				     ('Star Wars: A New Hope', 'Oreo', 9000),
				     ('Saving Private Ryan', 'Ford', 76900),
				     ('Django Unchained', 'Timberland', 180000),
				     ('Coco', 'Oreo', 45000),
				     ('Coco', 'Pepsi', 85500),
				     ('A Quiet Place', 'Toyota', 58900),
				     ('Midsommar', 'Ford', 27600),
				     ('American Gangster', 'Pepsi', 16700),
				     ('American Psycho', 'Puma', 120300),
				     ('Seven', 'Coca Cola', 390000),
				     ('The Mule', 'Ford', 150000),
				     ('The Mule', 'Toyota', 110000),
				     ('Interstellar', 'Ford', 175000),
			             ('Drive', 'Pepsi', 144500),
			             ('Drive', 'Ford', 58500),
			             ('Drive', 'Nike', 44000),
				     ('La La Land', 'Puma', 22000),
				     ('True Grit', 'Timberland', 37000),
				     ('No Country For Old Men', 'Pepsi', 86900),
				     ('Rango', 'Coca Cola', 29000),
				     ('Sunspring', 'Lacoste', 11000),
				     ('Sunspring', 'Starbucks', 14200),
				     ('Sunspring', 'Toyota', 19000),
				     ('Jaws', 'Lacoste', 16000),
				     ('Hot Fuzz', 'Toyota', 77000),
				     ('Pulp Fiction', 'Coca Cola', 122900),
				     ('Pulp Fiction', 'Ford', 117500),
				     ('Manchester By The Sea', 'Ford', 44000),
				     ('Manchester By The Sea', 'Pepsi', 60500),
				     ('Joker', 'Starbucks', 99800),
				     ('The Big Short', 'Starbucks', 10800),
				     ('The Big Short', 'Lacoste', 37450);
